{
  "git_commit": "42ef44b",
  "generation_date": "2025-01-24",
  "figures": {
    "fig1": {
      "r": 0.9547139682508402,
      "slope": 0.8932655994403116,
      "intercept": 0.02240758262393877,
      "N": 10
    },
    "fig2": {
      "mean_delta": -0.004488086853509443,
      "ci_lower": -0.03934380502835005,
      "ci_upper": 0.03175440717569844,
      "p_value": 0.8185209269724892,
      "d": -0.02424642637098883
    },
    "fig3": {
      "n_families": 3,
      "total_n": 10
    },
    "fig4": {
      "pre_50": 0.005,
      "pre_90": 0.005,
      "post_50": 0.541,
      "post_90": 0.849
    },
    "fig5": {
      "ks_stat": 0.029956251442476628,
      "ks_p": 0.3243752124357755
    },
    "fig6": {
      "r2": 0.9820496468362223,
      "mae": 0.007282294840162051,
      "mape": 3.435435611162099,
      "formula": "f_\u03b8(P) = 0.076P\u00b2 + 0.164P + 0.107"
    }
  }
}